Staff_ID,email,unhashed_password
130002,jack.sim@allinone.com.sg,password
140001,Derek.Tan@allinone.com.sg,password
150008,Eric.Loh@allinone.com.sg,password
151408,Philip.Lee@allinone.com.sg,password
140894,Rahim.Khalid@allinone.com.sg,password
140002,Susan.Goh@allinone.com.sg,password
140003,Janice.Chan@allinone.com.sg,password
140004,Mary.Teo@allinone.com.sg,password
140015,Oliva.Lim@allinone.com.sg,password
140025,Emma.Heng@allinone.com.sg,password
140036,Charlotte.Wong@allinone.com.sg,password
140078,Amelia.Ong@allinone.com.sg,password
140102,Eva.Yong@allinone.com.sg,password
140108,Liam.The@allinone.com.sg,password
140115,Noah.Ng@allinone.com.sg,password
140525,Oliver.Tan@allinone.com.sg,password
140736,William.Fu@allinone.com.sg,password
140878,James.Tong@allinone.com.sg,password
140880,Heng.Chan@allinone.com.sg,password
140881,Rina.Tan@allinone.com.sg,password
140882,Boun.Souk@allinone.com.sg,password
140883,Aung.Kyaw@allinone.com.sg,password
140886,Thuy.Nguyen@allinone.com.sg,password
140887,Rajesh.Kumar@allinone.com.sg,password
140888,Koh.Lim@allinone.com.sg,password
140889,Somchai.Somboon@allinone.com.sg,password
140890,Seng.Lee@allinone.com.sg,password
140891,Anh.Tran@allinone.com.sg,password
140892,Ratana.Chen@allinone.com.sg,password
140893,Bui.Nguyen@allinone.com.sg,password
140895,Dewi.Putri@allinone.com.sg,password
140898,Sokha.Seng@allinone.com.sg,password
140900,Tuan.Nguyen@allinone.com.sg,password
140901,Bao.Luu@allinone.com.sg,password
140940,Siti.Ahmad@allinone.com.sg,password
140941,Chandra.Rai@allinone.com.sg,password
140942,Ratana.Keo@allinone.com.sg,password
140945,Wai.Yong@allinone.com.sg,password
140947,Thi.Pham@allinone.com.sg,password
140948,Nara.Sok@allinone.com.sg,password
140008,Jaclyn.Lee@allinone.com.sg,password
140927,Chin.Lim@allinone.com.hk,password
140928,Sok.Chhay@allinone.com.hk,password
140929,Tat.Nguyen@allinone.com.hk,password
140933,Hlaing.Sithu@allinone.com.hk,password
140934,Santhi.Perumal@allinone.com.hk,password
140935,Hakim.Siregar@allinone.com.hk,password
140937,Sirirat.Chaiyaporn@allinone.com.hk,password
140938,Chinh.Tran@allinone.com.hk,password
140103,Sophia.Toh@allinone.com.sg,password
140910,Rina.Siriporn@allinone.com.id,password
140911,Minh.Ly@allinone.com.id,password
140912,Chandara.Kim@allinone.com.id,password
140917,Heng.Phan@allinone.com.id,password
140918,Nara.Khun@allinone.com.id,password
140919,Priya.Malik@allinone.com.id,password
140879,Siti.Abdullah@allinone.com.sg,password
140903,Amara.Singh@allinone.com.my,password
140904,Srey.Mao@allinone.com.my,password
140905,Phuc.Le@allinone.com.my,password
140908,Arifin.Saputra@allinone.com.my,password
140909,Siti.Salleh@allinone.com.my,password
140944,Yee.Lim@allinone.com.sg,password
140923,Ngoc.Trinh@allinone.com.vn,password
140924,Manoj.Kumar@allinone.com.vn,password
140925,Anh.Pham@allinone.com.vn,password
140926,Somsak.Somsri@allinone.com.vn,password
150143,John.Lim@allinone.com.sg,password
150065,Noah.Goh@allinone.com.sg,password
150075,Liam.Tan@allinone.com.sg,password
150076,Oliver.Chan@allinone.com.sg,password
150085,Michael.Ng@allinone.com.sg,password
150095,Alexander.The@allinone.com.sg,password
150096,Ethan.Tan@allinone.com.sg,password
150115,Jaclyn.Poh@allinone.com.sg,password
150118,William.Teo@allinone.com.sg,password
150125,Mary.Ma@allinone.com.sg,password
150126,Oliva.Lam@allinone.com.sg,password
150138,Daniel.Fu@allinone.com.sg,password
150142,James.Lee@allinone.com.sg,password
150245,Benjamin.Tan@allinone.com.sg,password
150148,Jack.Heng@allinone.com.sg,password
150155,Derek.Wong@allinone.com.sg,password
150162,Jacob.Tong@allinone.com.sg,password
150163,Logan.Loh@allinone.com.sg,password
150165,Jacob.Ming@allinone.com.sg,password
150166,James.Fu@allinone.com.sg,password
150168,John.Fu@allinone.com.sg,password
150175,Jack.Tan@allinone.com.sg,password
150192,Derek.Heng@allinone.com.sg,password
150193,Benjamin.Wong@allinone.com.sg,password
150198,Lucas.Ong@allinone.com.sg,password
150205,Ethan.Yong@allinone.com.sg,password
150208,Daniel.Tong@allinone.com.sg,password
150215,Jacob.Lee@allinone.com.sg,password
150216,Logan.Lim@allinone.com.sg,password
150232,Jackson.Loh@allinone.com.sg,password
150233,Aiden.Tan@allinone.com.sg,password
150238,Samuel.Tong@allinone.com.sg,password
150345,William.Heng@allinone.com.sg,password
150258,Daniel.Heng@allinone.com.sg,password
150265,Jaclyn.Tong@allinone.com.sg,password
150275,Mary.Fu@allinone.com.sg,password
150276,Oliva.Loh@allinone.com.sg,password
150282,Jacob.Wong@allinone.com.sg,password
150283,Logan.Ong@allinone.com.sg,password
150288,Jackson.Yong@allinone.com.sg,password
150295,Aiden.Toh@allinone.com.sg,password
150318,Emma.Tan@allinone.com.sg,password
150342,Charlotte.Tan@allinone.com.sg,password
150343,Amelia.Tan@allinone.com.sg,password
150555,Jaclyn.Wong@allinone.com.sg,password
150348,Eva.Goh@allinone.com.sg,password
150355,Sophia.Chan@allinone.com.sg,password
150356,James.Wong@allinone.com.sg,password
150398,John.Ong@allinone.com.sg,password
150422,Jack.Yong@allinone.com.sg,password
150423,Derek.Toh@allinone.com.sg,password
150428,Benjamin.The@allinone.com.sg,password
150435,Lucas.Ng@allinone.com.sg,password
150445,Ethan.Loh@allinone.com.sg,password
150446,Daniel.Tan@allinone.com.sg,password
150488,Jacob.Tan@allinone.com.sg,password
150512,Logan.Tan@allinone.com.sg,password
150513,Jackson.Goh@allinone.com.sg,password
150518,Aiden.Chan@allinone.com.sg,password
150525,Samuel.Teo@allinone.com.sg,password
151410,Phuong.Dinh@allinone.com.sg,password
150866,Henry.Chan@allinone.com.sg,password
150565,Benjamin.Ong@allinone.com.sg,password
150566,Oliva.Ong@allinone.com.sg,password
150585,Samuel.Tan@allinone.com.sg,password
150608,Emma.Yong@allinone.com.sg,password
150615,Sophie.Toh@allinone.com.sg,password
150632,Charlotte.Toh@allinone.com.sg,password
150633,Amelia.The@allinone.com.sg,password
150638,Eva.Ng@allinone.com.sg,password
150645,Sophia.Tan@allinone.com.sg,password
150655,Lucas.Goh@allinone.com.sg,password
150695,William.Tan@allinone.com.sg,password
150705,Samuel.The@allinone.com.sg,password
150765,Liam.Teo@allinone.com.sg,password
150776,Lucas.Yong@allinone.com.sg,password
150796,Susan.Teo@allinone.com.sg,password
150826,LiamMing.Fu@allinone.com.sg,password
150845,Henry.Fu@allinone.com.sg,password
150938,Jani.Tan@allinone.com.sg,password
150968,Noah.Lim@allinone.com.sg,password
150976,Noah.Lee@allinone.com.sg,password
150916,Susan.Ng@allinone.com.sg,password
150918,Henry.Toh@allinone.com.sg,password
150935,Susan.Lee@allinone.com.sg,password
151008,Alexander.Teo@allinone.com.sg,password
151055,Liam.Fu@allinone.com.sg,password
151056,Alexander.Fu@allinone.com.sg,password
151058,Janice.Tan@allinone.com.sg,password
151118,Oliver.Lim@allinone.com.sg,password
151146,Janice.Lim@allinone.com.sg,password
151198,Michael.Tong@allinone.com.sg,password
151266,Noah.Tong@allinone.com.sg,password
151288,Mary.Heng@allinone.com.sg,password
151407,Oliver.Loh@allinone.com.sg,password
151441,Minh.Hoang@allinone.com.sg,password
151411,Bao.Nguyen@allinone.com.sg,password
151412,Wati.Halim@allinone.com.sg,password
151413,Seng.Soeun@allinone.com.sg,password
151452,Rithya.Suon@allinone.com.id,password
151414,Yun.Lee@allinone.com.id,password
160008,Sally.Loh@allinone.com.sg,password
170166,David.Yap@allinone.com.sg,password
180001,Ernst.Sim@allinone.com.sg,password
210001,Peter.aypallinone.com.sg,password
190019,Heng.Sim@allinone.com.sg,password
190037,Susi.Abdullah@allinone.com.sg,password
190059,Phuc.Le@allinone.com.sg,password
190067,Minh.Ly@allinone.com.sg,password
190070,Narah.Khun@allinone.com.sg,password
190077,Anhu.Pham@allinone.com.sg,password
190086,Hlaing.Situ@allinone.com.sg,password
190093,Chandra.Raj@allinone.com.sg,password
151505,Thi.Lam@allinone.com.sg,password
151506,Vannak.Sok@allinone.com.sg,password
151507,Phuong.Nguyen@allinone.com.sg,password
151508,Srey.Makara@allinone.com.sg,password
151509,Hlaing.Kyaw@allinone.com.sg,password
151512,Chin.Heng@allinone.com.sg,password
151514,Somchai.Phan@allinone.com.sg,password
151517,Chinh.Tran@allinone.com.sg,password
151518,Yee.Liu@allinone.com.sg,password
151520,Sokunthea.Soy@allinone.com.sg,password
151521,Champa.Thach@allinone.com.sg,password
151523,Rahim.Ramli@allinone.com.sg,password
151524,Hakim.Hassan@allinone.com.sg,password
151525,Trung.Le@allinone.com.sg,password
151526,Seng.Chhour@allinone.com.sg,password
151528,Phuc.Phung@allinone.com.sg,password
151533,Soma.San@allinone.com.sg,password
151535,Vannak.Soun@allinone.com.sg,password
151536,Kumara.Suon@allinone.com.sg,password
151539,Siti.Yusof@allinone.com.sg,password
151540,Chanh.Sin@allinone.com.sg,password
151541,Anhu.Tran@allinone.com.sg,password
151543,Priya.Krishnan@allinone.com.sg,password
151544,Nanda.Lal@allinone.com.sg,password
151545,Rithy.Khun@allinone.com.sg,password
151547,Koh.Loo@allinone.com.sg,password
151549,Kumari.Pillai@allinone.com.sg,password
151556,Thi.Ling@allinone.com.sg,password
151558,Vannak.Seng@allinone.com.sg,password
151560,Somchai.Kong@allinone.com.sg,password
151561,Rath.Khun@allinone.com.sg,password
151562,Chinh.Nguyen@allinone.com.sg,password
151563,Yee.Chong@allinone.com.sg,password
151564,Heng.Phal@allinone.com.sg,password
151567,Sokunthea.Seng@allinone.com.sg,password
151570,Rahim.Harun@allinone.com.sg,password
151573,Trung.Nguyen@allinone.com.sg,password
151575,Narong.Savoeun@allinone.com.sg,password
151576,Phuc.Luong@allinone.com.sg,password
151579,Soma.Voeun@allinone.com.sg,password
151580,Siv.Sothea@allinone.com.sg,password
151581,Vannak.Samnang@allinone.com.sg,password
151582,Kumara.Sareth@allinone.com.sg,password
151583,Sok.Kheng@allinone.com.sg,password
151584,Siti.Yusuf@allinone.com.sg,password
151589,Anh.Van@allinone.com.sg,password
151590,Priya.Kumar@allinone.com.my,password
151591,Nanda.Kesavan@allinone.com.sg,password
151595,Mani.Devi@allinone.com.sg,password
151596,Koh.Seng@allinone.com.sg,password
151598,Kumaru.Pillai@allinone.com.sg,password
151439,Ji.Han@allinone.com.vn,password
151443,Anil.Kumar@allinone.com.hk,password
151457,Chandra.Pandey@allinone.com.my,password
151471,Chanh.Ly@allinone.com.sg,password
151600,Narong.Chua@allinone.com.sg,password
151601,ThiMih.Ling@allinone.com.sg,password
151602,Vannah.Seng@allinone.com.sg,password
151603,Phuong.Truong@allinone.com.sg,password
151418,Chandara.Khun@allinone.com.vn,password
151459,Phalla.Yong@allinone.com.vn,password
151481,Phuc.Lam@allinone.com.vn,password
151498,Mani.Prasad@allinone.com.vn,password
151515,Rath.Sim@allinone.com.vn,password
151534,Siv.Savuth@allinone.com.vn,password
151550,Narong.Chua@allinone.com.vn,password
151574,Seng.Sao@allinone.com.vn,password
151593,Rithy.Sok@allinone.com.vn,password
151610,Somchai.Kong@allinone.com.vn,password
151415,Aung.Tun@allinone.com.sg,password
151417,Pich.Sun@allinone.com.sg,password
151419,Heng.Heng@allinone.com.sg,password
151420,Siti.Ismail@allinone.com.sg,password
151426,Trung.Trinh@allinone.com.sg,password
151427,Rahul.Sharma@allinone.com.sg,password
151428,Champa.Thao@allinone.com.sg,password
151430,Rithy.Chheng@allinone.com.sg,password
151431,Mani.Raj@allinone.com.sg,password
151432,Sokunthea.Phan@allinone.com.sg,password
151435,Somnang.Suon@allinone.com.sg,password
151438,Rath.Phan@allinone.com.sg,password
151440,Sok.Pich@allinone.com.sg,password
151425,Thuy.Phan@allinone.com.hk,password
151466,Siv.Sun@allinone.com.hk,password
151484,Phanith.Sok@allinone.com.hk,password
151502,Kumari.Devi@allinone.com.hk,password
151519,Heng.Chhour@allinone.com.hk,password
151537,Sok.Mao@allinone.com.hk,password
151559,Nara.Loo@allinone.com.hk,password
151578,Chandara.Tith@allinone.com.hk,password
151597,Arifin.Saputra@allinone.com.hk,password
151613,Yee.Chong@allinone.com.hk,password
151433,Mani.Devi@allinone.com.id,password
151476,Hakim.Rahman@allinone.com.id,password
151493,Boun.Sok@allinone.com.id,password
151510,Anh.Ly@allinone.com.id,password
151527,Narong.Mao@allinone.com.id,password
151546,Mani.Choudhury@allinone.com.id,password
151568,Champa.Pheap@allinone.com.id,password
151585,Chanh.Tith@allinone.com.id,password
151416,Vannak.Chen@allinone.com.my,password
151436,Samsul.Rahman@allinone.com.my,password
151479,Narong.Chen@allinone.com.my,password
151495,Samsul.Saifullah@allinone.com.my,password
151513,Nara.Yong@allinone.com.my,password
151531,Chandara.Sin@allinone.com.my,password
151548,Arifin.Bakar@allinone.com.my,password
151571,Hakim.Sulaiman@allinone.com.my,password
151444,Chinh.Le@allinone.com.sg,password
151446,Seng.Seng@allinone.com.sg,password
151447,Nandah.Kesavan@allinone.com.sg,password
151448,Amirah.Ahmad@allinone.com.sg,password
151450,Sokly.Sok@allinone.com.sg,password
151451,Trung.Pham@allinone.com.sg,password
151456,Phuc.Vo@allinone.com.sg,password
151458,Manoj.Singh@allinone.com.sg,password
151464,Chhaya.Sou@allinone.com.sg,password
151465,Soma.Lim@allinone.com.sg,password
151467,Vannak.Mao@allinone.com.sg,password
151468,Kumara.Seng@allinone.com.sg,password
151469,Sok.Heng@allinone.com.sg,password
151470,Siti.Saad@allinone.com.sg,password
151472,Anh.Truong@allinone.com.sg,password
151477,Priya.Kaur@allinone.com.sg,password
151480,Rin.Sok@allinone.com.sg,password
151482,Sok.Chin@allinone.com.sg,password
151483,Chandara.Kong@allinone.com.sg,password
151485,HengMeng.Sim@allinone.com.sg,password
151487,Nanda.Devan@allinone.com.sg,password
151488,Pich.Phan@allinone.com.sg,password
151489,Anil.Sarawat@allinone.com.sg,password
151491,Nguyen.Tuan@allinone.com.sg,password
151492,Bao.Kim@allinone.com.sg,password
151494,Soma.Khun@allinone.com.sg,password
151496,Rina.Li@allinone.com.sg,password
151499,KohMong.Seng@allinone.com.sg,password
151500,Arifin.Siregar@allinone.com.sg,password
151503,Narong.Khun@allinone.com.sg,password
151605,Srey.Suon@allinone.com.sg,password
151606,Hlaing.Myat@allinone.com.id,password
151607,Anh.Vo@allinone.com.sg,password
151608,Chin.Chen@allinone.com.my,password
151609,Nara.Loo@allinone.com.sg,password
151611,Rith.Khun@allinone.com.sg,password
151612,Chinu.Nguyen@allinone.com.sg,password
160075,James.Tan@allinone.com.sg,password
160302,Kumar.Sareth@allinone.com.sg,password
160306,An.Van@allinone.com.sg,password
160318,Nurong.Chua@allinone.com.sg,password
160328,Hlaing.Myat@allinone.com.sg,password
160335,YeeMeng.Chong@allinone.com.sg,password
160065,John.Tan@allinone.com.sg,password
160076,Jack.Goh@allinone.com.sg,password
160118,Derek.Chan@allinone.com.sg,password
160135,Jaclyn.Ong@allinone.com.sg,password
160142,Benjamin.Teo@allinone.com.sg,password
160143,Lucas.Lee@allinone.com.sg,password
160145,Mary.Wong@allinone.com.sg,password
160146,Oliva.Yong@allinone.com.sg,password
160148,Henry.Lim@allinone.com.sg,password
160155,Alexander.Heng@allinone.com.sg,password
160188,Emma.Toh@allinone.com.sg,password
160212,Charlotte.The@allinone.com.sg,password
160213,Amelia.Ng@allinone.com.sg,password
160218,Eva.Tan@allinone.com.sg,password
160225,Sophia.Fu@allinone.com.sg,password
160258,Michael.Chen@allinone.com.sg,password
160282,Ethan.Loo@allinone.com.sg,password
160283,Somchai.Pong@allinone.com.sg,password
160284,Ruth.Khu@allinone.com.sg,password
160286,ChinMin@allinone.com.sg,password
160287,Yee.Phal@allinone.com.sg,password
160288,Heng.Seng@allinone.com.sg,password
160289,Sokunthea.Pheap@allinone.com.sg,password
160290,Champa.Harun@allinone.com.sg,password
160291,Rahim.Kesavan@allinone.com.sg,password
160293,Hakim.Pillai@allinone.com.sg,password
160294,Trung.Truong@allinone.com.sg,password
160295,Seng.Kong@allinone.com.sg,password
160296,Narong.Luong@allinone.com.sg,password
160297,Phuc.Tan@allinone.com.sg,password
160298,Chandara.Wong@allinone.com.sg,password
160299,Soma.Ong@allinone.com.sg,password
160300,Siv.Tan@allinone.com.sg,password
160301,Vannak.Goh@allinone.com.sg,password
160303,Sok.Chan@allinone.com.sg,password
160304,Siti.Teo@allinone.com.sg,password
160305,Chanh.Tith@allinone.com.sg,password
160307,Priya.Kumar@allinone.com.sg,password
160308,Vannah.Kesavan@allinone.com.sg,password
160313,Srey.Sok@allinone.com.sg,password
160314,Hlaing.Devi@allinone.com.sg,password
160315,Anh.Seng@allinone.com.sg,password
160316,Chin.Saputra@allinone.com.sg,password
160317,Nara.Pillai@allinone.com.sg,password
160323,Chandara.Ling@allinone.com.sg,password
160324,Soma.Seng@allinone.com.sg,password
160325,Siv.Truong@allinone.com.sg,password
160326,Vannak.Suon@allinone.com.sg,password
160329,Kumara.Vo@allinone.com.sg,password
160330,Ruth.Chen@allinone.com.sg,password
160331,Chinh.Loo@allinone.com.sg,password
160332,Yee.Kong@allinone.com.sg,password
160333,Heng.Khun@allinone.com.sg,password
160334,Sokunthe.Nguyen@allinone.com.sg,password
160336,Champa.Phal@allinone.com.sg,password
160337,Rahim.Seng@allinone.com.sg,password
160338,Hakim.Pheap@allinone.com.sg,password
160339,Trung.Harun@allinone.com.sg,password
171009,Seng.Kesavan@allinone.com.sg,password
171014,Narong.Pillai@allinone.com.sg,password
171018,Ji.Truong@allinone.com.sg,password
171029,Chandra.Kong@allinone.com.sg,password
171043,Rithy.Luong@allinone.com.sg,password
170208,Mani.Tan@allinone.com.sg,password
170215,Sokunthea.Wong@allinone.com.sg,password
170216,Mani.Ong@allinone.com.sg,password
170232,Somnang.Tan@allinone.com.sg,password
170233,Logan.Goh@allinone.com.sg,password
170238,Jackson.Chan@allinone.com.sg,password
170245,Aiden.Teo@allinone.com.sg,password
170655,Samuel.Lee@allinone.com.sg,password
170866,Susan.Lim@allinone.com.sg,password
171008,Janice.Heng@allinone.com.sg,password
171010,Rithy.Saad@allinone.com.sg,password
171011,Mani.Ly@allinone.com.sg,password
171012,Koh.Truong@allinone.com.sg,password
171013,Arifin.Rahman@allinone.com.sg,password
171015,Narong.Kaur@allinone.com.sg,password
171016,Thi.Chen@allinone.com.sg,password
171017,Vannah.Sok@allinone.com.sg,password
171022,Srey.Lam@allinone.com.sg,password
171023,Hlaing.Chin@allinone.com.sg,password
171024,Anh.Kong@allinone.com.sg,password
171026,Chin.Sok@allinone.com.sg,password
171027,Nara.Devan@allinone.com.sg,password
171044,Chandara.Phan@allinone.com.sg,password
171045,Soma.Sarawat@allinone.com.sg,password
171046,Siv.Tuan@allinone.com.sg,password
171047,Vannak.Kim@allinone.com.sg,password
171048,Kumara.Sok@allinone.com.sg,password
171030,Ruth.Khun@allinone.com.sg,password
171031,Chinh.Saifullah@allinone.com.sg,password
171032,Yee.Li@allinone.com.sg,password
171033,Heng.Prasad@allinone.com.sg,password
171034,Sokunthe.Seng@allinone.com.sg,password
171035,Champa.Siregar@allinone.com.sg,password
171036,Rahim.Devi@allinone.com.sg,password
171038,Hakim.Myat@allinone.com.sg,password
171039,Trung.Chen@allinone.com.sg,password
171041,Seng.Loo@allinone.com.sg,password
171042,Narong.Kong@allinone.com.sg,password
180012,Ji.Khung@allinone.com.sg,password
180029,Chandra.Nguyen@allinone.com.sg,password
180002,Rithy.Chong@allinone.com.sg,password
180003,Mani.Phalp@allinone.com.sg,password
180004,Sokunthea.Beng@allinone.com.sg,password
180005,Mani.Pheap@allinone.com.sg,password
180006,Somnang.Harun@allinone.com.sg,password
180010,Samsul.Rahman@allinone.com.sg,password
180011,Bui Lui.Phan@allinone.com.sg,password
180013,Rahim.Pich@allinone.com.sg,password
180014,Dewi.Hoang@allinone.com.sg,password
180015,Sokha.Kumar@allinone.com.sg,password
180019,Tuan.Le@allinone.com.sg,password
180020,Bao.Seng@allinone.com.sg,password
180021,Amara.Kesavan@allinone.com.sg,password
180022,Srey.Ahmad@allinone.com.sg,password
180023,Arifi.Sok@allinone.com.sg,password
180025,Chin.Pham@allinone.com.sg,password
180026,Siti.Suon@allinone.com.sg,password
180027,Siti.Vo@allinone.com.sg,password
180030,Rina.Singh@allinone.com.sg,password
180032,Chandara.Yong@allinone.com.sg,password
180033,Heng Meng.Sou@allinone.com.sg,password
180034,Priya.Lim@allinone.com.sg,password
180036,Ngoc.Sun@allinone.com.sg,password
180037,Manoj.Mao@allinone.com.sg,password
180038,Somi.Seng@allinone.com.sg,password
190003,ChinMeng.Heng@allinone.com.sg,password
190004,Sok.Saad@allinone.com.sg,password
190005,Tatkong.Ly@allinone.com.sg,password
190006,Sani.Truong@allinone.com.sg,password
190008,Kakim.Rahman@allinone.com.sg,password
190009,Siri.Kaur@allinone.com.sg,password
190010,Rata.Chen@allinone.com.sg,password
190014,Yee Meng.Sok@allinone.com.sg,password
190015,Wai Wai.Lam@allinone.com.sg,password
190016,Thin.Chin@allinone.com.sg,password
190017,Nara.Kong@allinone.com.sg,password
190018,Manni.Sok@allinone.com.sg,password
190021,An.Devan@allinone.com.sg,password
190022,Rithe.Phan@allinone.com.sg,password
190024,Koh Kok.Sarawat@allinone.com.sg,password
190025,Arifi.Tuan@allinone.com.sg,password
190026,Kumar.Kim@allinone.com.sg,password
190027,Narong.Sok@allinone.com.sg,password
190028,Thin.Khun@allinone.com.sg,password
190029,Vannak.Saifullah@allinone.com.sg,password
190030,Phuon.Li@allinone.com.sg,password
190031,Sri.Prasad@allinone.com.sg,password
190032,Haing.Seng@allinone.com.sg,password
190033,Chin Chin.Siregar@allinone.com.sg,password
190035,Kumari.Devi@allinone.com.sg,password
190036,Narong.Myat@allinone.com.sg,password
190038,Heng.Chen@allinone.com.sg,password
190040,Rina.Loo@allinone.com.sg,password
190041,Boun.Kong@allinone.com.sg,password
190042,Aung.Khung@allinone.com.sg,password
190043,Thu.Nguyen@allinone.com.sg,password
190044,Rajesh.Chong@allinone.com.sg,password
190045,Koh.Phalp@allinone.com.sg,password
190046,Somchai.Seng@allinone.com.sg,password
190047,Seng.Pheap@allinone.com.sg,password
190048,Anh.Harun@allinone.com.sg,password
190049,Ratana.Sulaiman@allinone.com.sg,password
190050,BuiLui.Nguyen@allinone.com.sg,password
190051,Rahim.Saon@allinone.com.sg,password
190052,Dewi.Savoeun@allinone.com.sg,password
190054,Sokha.Luon@allinone.com.sg,password
190055,Tuan.Tithe@allinone.com.sg,password
190056,Bao.Lu@allinone.com.sg,password
190057,Amara.Singh@allinone.com.sg,password
190058,Srey.Mao@allinone.com.sg,password
190064,Arifi.Sapu@allinone.com.sg,password
190091,Chin.Tran@allinone.com.sg,password
190092,Siti.Ahmah@allinone.com.sg,password
190065,Siti.Salah@allinone.com.my,password
190066,Rina.Siriporn@allinone.com.my,password
190068,Chandara.Kim@allinone.com.my,password
190069,HengMeng.Phan@allinone.com.id,password
190074,Priya.Maliki@allinone.com.id,password
190075,Ngoc.Trinh@allinone.com.id,password
190076,Manoj.Kumar@allinone.com.id,password
190078,Somi.Somsri@allinone.com.vn,password
190079,Chin.Lim@allinone.com.vn,password
190080,Sok.Chay@allinone.com.hk,password
190082,Tatkong.Nguyen@allinone.com.hk,password
190087,Sani.Perumal@allinone.com.hk,password
190088,Kakim.Siregar@allinone.com.hk,password
190089,Siri.Chaiyaporn@allinone.com.hk,password
190094,Rata.Keo@allinone.com.sg,password
190095,YeeMeng.Lim@allinone.com.sg,password
190096,WaiWai.Yong@allinone.com.sg,password
190097,Thin.Pham@allinone.com.sg,password
190098,Nara.Sook@allinone.com.sg,password
210018,Manni.Devi@allinone.com.sg,password
210028,An.Vo@allinone.com.sg,password
210017,Rithe.Sok@allinone.com.sg,password
210019,KohKok.Seng@allinone.com.sg,password
210020,Arifi.Saputra@allinone.com.sg,password
210021,Kumar.Pillai@allinone.com.sg,password
210022,Narong.Phua@allinone.com.sg,password
210023,Thin.Ling@allinone.com.sg,password
210024,Vannak.Teng@allinone.com.sg,password
210025,Phuon.Truong@allinone.com.sg,password
210026,Sri.Suon@allinone.com.sg,password
210027,Haing.Myat@allinone.com.sg,password
210029,ChinChin.Chen@allinone.com.sg,password
210030,Narah.Loo@allinone.com.sg,password
210031,Somachai.Kong@allinone.com.sg,password
210032,Rath.Khung@allinone.com.sg,password
210033,Chin.Nguyen@allinone.com.sg,password
210034,YeeSeng.Chong@allinone.com.sg,password
210035,Heng.Phalp@allinone.com.sg,password
210036,Sokuntheap.Seng@allinone.com.sg,password
210037,Champan.Pheap@allinone.com.sg,password
210038,Kahim.Harun@allinone.com.sg,password
210039,Halim.Sulaiman@allinone.com.sg,password
210040,Trong.Nguyen@allinone.com.sg,password
210041,Seng.Saon@allinone.com.sg,password
210042,Naron.Savoeun@allinone.com.sg,password
210043,Phuc.Luon@allinone.com.sg,password
210044,tithe.chandra@allinone.com.sg,password